﻿Notes,Date,Productivity,Mood
Day 1 of Productivity/Mood Tracking,"Jul 05, 2018","Fitness,Programming",Happy
Happy Days for Jenny!,"Jul 12, 2018","Fitness,Leisure,Programming","Content,Happy"
Celebrations for Jennys new job!,"Jul 13, 2018","Leisure,Programming","Content,Energetic,Happy"
Shopping for flat stuff,"Jul 14, 2018","Life,Programming","Content,Tired"
Productive Sunday,"Jul 15, 2018","Fitness,Leisure,Life,Programming","Happy,Tired"
Slow Monday,"Jul 16, 2018","Fitness,Programming","Content,Tired"
Completed Basic Algorithm Scripting,"Jul 17, 2018",Programming,"Content,Tired"
Standard Evening,"Jul 18, 2018","Fitness,Leisure,Programming","Content,Happy"
"Happy Friday, relaxing with a movie","Jul 19, 2018",Leisure,"Content,Happy"
Catch up with Dan,"Jul 20, 2018","Fitness,Leisure","Content,Happy"
Hungover & Fun in the Sun,"Jul 21, 2018",Leisure,"Happy,Tired"
Mela Festival,"Jul 22, 2018",Leisure,"Content,Energetic,Happy,Optimistic"
Not enough sleep,"Jul 23, 2018","Programming,Work","Annoyed,Frustrated,Tired"
Meet up with old colleagues,"Jul 24, 2018",Leisure,"Happy,Tired"
Chilling out catching up on sleep,"Jul 25, 2018",Leisure,"Content,Tired"
Back to routine,"Jul 26, 2018","Fitness,Leisure,Programming","Content,Energetic,Happy"
Functional Programming Breakthrough,"Jul 27, 2018","Leisure,Programming","Happy,Optimistic"
Flat Shopping in Lakeside,"Jul 28, 2018","Life,Programming","Content,Tired"
Whole Day of Eating!,"Jul 29, 2018","Fitness,Leisure,Life,Programming","Content,Energetic,Happy"
Skipped Badders for cooking and code,"Jul 30, 2018","Leisure,Programming","Content,Tired"
New Baseline,"Jul 31, 2018","Fitness,Leisure,Programming","Content,Energetic,Tired"
Parent Life Admin,"Aug 01, 2018",Life,Content
Work 😪,"Aug 02, 2018","Fitness,Work",Tired
Friday Chill - back in Portmouth,"Aug 03, 2018",Leisure,"Content,Tired"
Goodwood,"Aug 04, 2018",Leisure,"Annoyed,Content,Happy"
Chilling & Coding,"Aug 05, 2018","Leisure,Programming","Content,Tired"
Zombie Mode,"Aug 06, 2018",Leisure,Tired
Drama and Coding struggles,"Aug 07, 2018","Fitness,Life,Programming","Frustrated,Tired"
Better Results,"Aug 08, 2018","Fitness,Programming","Content,Tired"
Sweat It Out,"Aug 09, 2018","Fitness,Leisure","Energetic,Happy,Optimistic,Tired"
Friday Me Time,"Aug 10, 2018","Leisure,Programming","Content,Happy,Tired"
Mums Birthday Meal in London,"Aug 11, 2018","Family,Leisure,Life","Happy,Tired"
House Warming At our Flat,"Aug 31, 2018","Friends,Leisure","Energetic,Happy,Tired"
Day before a week off,"Aug 13, 2018","Leisure,Programming",Tired
"Rye & Camber ","Aug 14, 2018","Leisure,Programming","Happy,Optimistic"
Stag Do,"Aug 19, 2018",Leisure,Happy
Back in the Flow,"Aug 20, 2018","Life,Programming","Happy,Tired"
Completed Javascript Algorithms And Data Structures,"Aug 22, 2018",Programming,"Content,Dissatisfied,Tired"
End of August Bank Holiday :(,"Aug 27, 2018","Friends,Programming","Content,Happy"
Coding Life,"Aug 28, 2018","Fitness,Programming","Content,Optimistic"
No more fortnite,"Aug 29, 2018","Leisure,Programming","Dissatisfied,Frustrated"
Dojo Calculator all working !,"Aug 30, 2018","Leisure,Life,Programming","Content,Happy"
Dead Cells,"Aug 31, 2018",Leisure,Tired
No Stress,"Sep 03, 2018","Leisure,Life,Programming","Content,Happy"
Why do I programme?,"Sep 04, 2018","Fitness,Programming","Content,Optimistic"
Tennis and Chill,"Sep 05, 2018","Fitness,Leisure","Content,Tired"
Geomob,"Sep 06, 2018","Friends,Work","Content,Optimistic"
Fucking vector tiles,"Sep 07, 2018","Programming,Work","Annoyed,Optimistic"
Fucking vector tiles pt2,"Sep 08, 2018",GIS,"Annoyed,Frustrated"
Fucking vector tiles pt3,"Sep 09, 2018","GIS,Leisure","Annoyed,Frustrated"
Fucking vector tiles pt4,"Sep 10, 2018","Fitness,GIS","Frustrated,Optimistic"
Lazy mode,"Sep 11, 2018",Leisure,"Tired,Unmotivated"
Dojo-Toolkit Classes,"Sep 12, 2018","Leisure,Programming",Tired
Production Change,"Sep 13, 2018","Fitness,Work","Angry,Dissatisfied,Frustrated,Tired"
Nice way to end a tiring week,"Sep 14, 2018","Leisure,Programming","Happy,Tired"
Busy Saturday,"Sep 15, 2018","Fitness,Leisure,Programming","Content,Optimistic,Tired"
Mum and Dad come to visit :) (:,"Sep 16, 2018","Family,Leisure,Programming","Energetic,Happy"
Driving thoughts,"Sep 17, 2018","Family,Leisure,Programming","Content,Tired"
Vongle and Chill,"Sep 18, 2018",Leisure,Happy
Tennis and Wontons,"Sep 19, 2018",Leisure,"Happy,Tired"
"8 year anniversary ","Sep 20, 2018",Leisure,"Frustrated,Happy"
Portsmouth Catchup,"Sep 22, 2018","Family,Friends,Leisure,Programming","Content,Happy,Tired"
Hangover Sunday,"Sep 23, 2018","Family,Leisure,Programming","Content,Happy,Tired"
Full Moon Festival,"Sep 24, 2018",Leisure,Tired
Lethargic....,"Sep 25, 2018","Fitness,Leisure","Tired,Unmotivated"
Tennis and still lethargic,"Sep 26, 2018","Fitness,Leisure","Tired,Unmotivated"
After Work Drinks,"Sep 28, 2018","Leisure,Work","Happy,Tired"
Big meal for everyone,"Sep 29, 2018","Family,Leisure,Life,Programming",Content
End of the month..,"Sep 30, 2018","Leisure,Life,Programming","Dissatisfied,Nervous,Tired"
Bomb Scare,"Oct 01, 2018","Fitness,Life","Content,Optimistic"
Friday again!,"Oct 05, 2018","Fitness,Leisure,Programming",Tired
Saturday Coding and Chill,"Oct 06, 2018","Leisure,Programming","Content,Satisfied"
Tommi's 100 Day,"Oct 07, 2018","Family,Leisure",Content
JS Module Rabbit hole,"Oct 08, 2018",Leisure,"Content,Optimistic"
John Nelson,"Oct 10, 2018",Leisure,"Inspired,Motivated"
ES Modules Confusion,"Oct 12, 2018",Programming,"Confused,Tired"
Hot Pot with Friends,"Oct 13, 2018","Fitness,Friends,Leisure,Programming",Tired
Pre holiday shopping,"Oct 14, 2018","Family,Programming",Content
PnD,"Oct 15, 2018",Work,"Content,Tired"
Last Day at Work  & Holiday Packing,"Oct 16, 2018",Work,"Energetic,Happy,Tired"
Flying to HK!,"Oct 17, 2018","Fitness,Holiday,Life,Programming","Content,Happy,Motivated,Satisfied,Tired"
HK / Thailand Update,"Oct 25, 2018",Holiday,"Happy,Motivated"
"Almost end of the month and End of the Holiday  ","Oct 29, 2018",Holiday,"Happy,Sad"
Post Holiday Blues,"Nov 05, 2018",,"Tired,Unmotivated"
Struggling,"Nov 06, 2018",,"Dissatisfied,Tired"
Keeping my head up,"Nov 07, 2018",Programming,Motivated
Keep Smiling and be Happy,"Nov 08, 2018",Programming,"Motivated,Optimistic,Tired"
Pangs!,"Nov 10, 2018",Friends,"Happy,Tired"
Happy Sunday,"Nov 11, 2018","Life,Programming","Happy,Motivated"
Flow,"Nov 12, 2018",Programming,"Content,Tired"
General Assembly,"Nov 13, 2018",Self Development,"Inspired,Motivated"
Weird Aylesbury Trip,"Nov 16, 2018",Friends,Confused
Research,"Nov 17, 2018","Leisure,Life","Happy,Motivated"
Gravity,"Nov 18, 2018","Fitness,Leisure,Programming",Happy
Trying to Chill,"Nov 19, 2018","Fitness,Leisure,Programming","Content,Happy"
Demotivating colleagues,"Nov 20, 2018","Leisure,Programming","Annoyed,Unmotivated"
Interesting Couple of Days,"Nov 25, 2018","Fitness,Life,Work",Excited
So so Tired,"Nov 26, 2018",,"Frustrated,Motivated,Tired"
Time is ticking,"Nov 29, 2018","Fitness,Leisure,Life,Programming","Annoyed,Excited,Tired"
Shopping Crazy,"Dec 01, 2018",Family,"Happy,Tired"
More shopping and researching...,"Dec 02, 2018","Family,Life","Happy,Tired"
Xmas Tree,"Dec 07, 2018","Fitness,Life,Programming","Happy,Motivated,Tired"
Finished Vue net ninja tutorials,"Dec 08, 2018","Life,Programming,Self Development","Happy,Motivated,Optimistic"
Too many things I want to do,"Dec 11, 2018","Fitness,Programming","Nervous,Tired"
ill But trying to be productive,"Dec 14, 2018","Programming,Self Development","Motivated,Optimistic,Tired"
Stuck,"Dec 15, 2018",Programming,"Confused,Demotivated,Tired"
Vue Break Through,"Dec 17, 2018",Programming,"Happy,Motivated"
Vue Productivity,"Dec 18, 2018",Programming,"Optimistic,Tired"
I GOT IT...,"Dec 20, 2018","Fitness,Programming","Excited,Happy,Optimistic"
Merry Christmas,"Dec 25, 2018","Family,Holiday,Life",Happy
Merry Post Christmas!,"Dec 28, 2018","Fitness,Leisure,Programming","Content,Happy,Motivated"
Best Day Of My Life,"Dec 29, 2018",Life,Happy
Rewflection on Yesterday  & Dinner with Jennys Family,"Dec 30, 2018","Family,Life,Programming","Happy,Tired"
Hello 2019,"Jan 02, 2019","Fitness,Programming","Excited,Happy"
More Vue,"Jan 04, 2019","Leisure,Programming","Motivated,Tired"
Vue progress getting fat,"Jan 07, 2019",Programming,"Motivated,Tired"
stuck on on vue exercises,"Jan 10, 2019",Programming,"Annoyed,Tired"
Break through on a silly mistake,"Jan 11, 2019",Programming,"Frustrated,Tired"
Harry Lunch and Hotpot,"Jan 12, 2019","Friends,Leisure",Happy
Time with Jennys Fam,"Jan 13, 2019","Family,Programming",Happy
Work is fraustrating,"Jan 14, 2019",Leisure,"Annoyed,Optimistic"
stuck on vue exercise,"Jan 15, 2019",Programming,"Annoyed,Frustrated"
still stuck on vue exercise,"Jan 16, 2019","Fitness,Programming",Frustrated
catch up and more vue,"Jan 17, 2019","Friends,Programming","Motivated,Tired"